{"cameraMode":{"drawMode":0,"name":"Shaded","section":"Shading Mode"},"sceneLighting":true,"audioPlay":false,"sceneViewState":{"m_AlwaysRefresh":false,"showFog":true,"showSkybox":true,"showFlares":true,"showImageEffects":true,"showParticleSystems":true,"showVisualEffectGraphs":true,"m_FxEnabled":true},"in2DMode":false,"pivot":{"x":10.626401901245118,"y":11.504409790039063,"z":28.790443420410158},"rotation":{"x":-0.029935983940958978,"y":0.06292998790740967,"z":0.001888464787043631,"w":0.9975665807723999},"size":18.563411712646486,"orthographic":true}