{"cameraMode":{"drawMode":0,"name":"Shaded","section":"Shading Mode"},"sceneLighting":true,"audioPlay":false,"sceneViewState":{"m_AlwaysRefresh":false,"showFog":true,"showSkybox":true,"showFlares":true,"showImageEffects":true,"showParticleSystems":true,"showVisualEffectGraphs":true,"m_FxEnabled":true},"in2DMode":false,"pivot":{"x":634.7874145507813,"y":765.1727294921875,"z":29.933738708496095},"rotation":{"x":-0.029935983940958978,"y":0.06292998790740967,"z":0.001888464787043631,"w":0.9975665807723999},"size":340.4603271484375,"orthographic":true}