{"cameraMode":{"drawMode":0,"name":"Shaded","section":"Shading Mode"},"sceneLighting":true,"audioPlay":false,"sceneViewState":{"m_AlwaysRefresh":false,"showFog":true,"showSkybox":true,"showFlares":true,"showImageEffects":true,"showParticleSystems":true,"showVisualEffectGraphs":true,"m_FxEnabled":true},"in2DMode":false,"pivot":{"x":1.5612528324127198,"y":1.490708351135254,"z":3.5998449325561525},"rotation":{"x":-0.029935983940958978,"y":0.06292998790740967,"z":0.001888464787043631,"w":0.9975665807723999},"size":4.396954536437988,"orthographic":true}