{"cameraMode":{"drawMode":0,"name":"Shaded","section":"Shading Mode"},"sceneLighting":true,"audioPlay":false,"sceneViewState":{"m_AlwaysRefresh":false,"showFog":true,"showSkybox":true,"showFlares":true,"showImageEffects":true,"showParticleSystems":true,"showVisualEffectGraphs":true,"m_FxEnabled":true},"in2DMode":false,"pivot":{"x":-13.123607635498047,"y":-1.9825010299682618,"z":7.804443359375},"rotation":{"x":0.016451051458716394,"y":0.07641506940126419,"z":-0.0012600042391568423,"w":0.9969418048858643},"size":63.24553680419922,"orthographic":true}