{"cameraMode":{"drawMode":0,"name":"Shaded","section":"Shading Mode"},"sceneLighting":true,"audioPlay":false,"sceneViewState":{"m_AlwaysRefresh":false,"showFog":true,"showSkybox":true,"showFlares":true,"showImageEffects":true,"showParticleSystems":true,"showVisualEffectGraphs":true,"m_FxEnabled":true},"in2DMode":false,"pivot":{"x":19.283966064453126,"y":-3.1607933044433595,"z":87.24188232421875},"rotation":{"x":0.02210363559424877,"y":0.08746328204870224,"z":0.0019412338733673096,"w":-0.9959253072738648},"size":61.778907775878909,"orthographic":true}