{"cameraMode":{"drawMode":0,"name":"Shaded","section":"Shading Mode"},"sceneLighting":true,"audioPlay":false,"sceneViewState":{"m_AlwaysRefresh":false,"showFog":true,"showSkybox":true,"showFlares":true,"showImageEffects":true,"showParticleSystems":true,"showVisualEffectGraphs":true,"m_FxEnabled":true},"in2DMode":false,"pivot":{"x":458.212158203125,"y":302.2623291015625,"z":-235.672607421875},"rotation":{"x":0.03598208725452423,"y":0.023982640355825425,"z":-0.0008622721652500331,"w":0.9990719556808472},"size":327.8157653808594,"orthographic":true}