{"cameraMode":{"drawMode":0,"name":"Shaded","section":"Shading Mode"},"sceneLighting":true,"audioPlay":false,"sceneViewState":{"m_AlwaysRefresh":false,"showFog":true,"showSkybox":true,"showFlares":true,"showImageEffects":true,"showParticleSystems":true,"showVisualEffectGraphs":true,"m_FxEnabled":true},"in2DMode":false,"pivot":{"x":8.521337509155274,"y":2.7843074798583986,"z":30.795684814453126},"rotation":{"x":0.02210363559424877,"y":0.08746328204870224,"z":0.0019412338733673096,"w":-0.9959253072738648},"size":67.34258270263672,"orthographic":true}