{"cameraMode":{"drawMode":0,"name":"Shaded","section":"Shading Mode"},"sceneLighting":true,"audioPlay":false,"sceneViewState":{"m_AlwaysRefresh":false,"showFog":true,"showSkybox":true,"showFlares":true,"showImageEffects":true,"showParticleSystems":true,"showVisualEffectGraphs":true,"m_FxEnabled":true},"in2DMode":false,"pivot":{"x":409.4865417480469,"y":275.54241943359377,"z":-6.82366943359375},"rotation":{"x":0.03598208725452423,"y":0.023982640355825425,"z":-0.0008622721652500331,"w":0.9990719556808472},"size":284.4255676269531,"orthographic":true}