{"cameraMode":{"drawMode":0,"name":"Shaded","section":"Shading Mode"},"sceneLighting":true,"audioPlay":false,"sceneViewState":{"m_AlwaysRefresh":false,"showFog":true,"showSkybox":true,"showFlares":true,"showImageEffects":true,"showParticleSystems":true,"showVisualEffectGraphs":true,"m_FxEnabled":true},"in2DMode":false,"pivot":{"x":8.224973678588868,"y":-0.6199121475219727,"z":72.49545288085938},"rotation":{"x":0.031483329832553866,"y":0.02698332630097866,"z":-0.0008502565906383097,"w":0.9991399049758911},"size":45.872406005859378,"orthographic":true}