{"cameraMode":{"drawMode":0,"name":"Shaded","section":"Shading Mode"},"sceneLighting":true,"audioPlay":false,"sceneViewState":{"m_AlwaysRefresh":false,"showFog":true,"showSkybox":true,"showFlares":true,"showImageEffects":true,"showParticleSystems":true,"showVisualEffectGraphs":true,"m_FxEnabled":true},"in2DMode":false,"pivot":{"x":-8.856714248657227,"y":16.926071166992189,"z":-1.1648826599121094},"rotation":{"x":-0.023993823677301408,"y":0.017993925139307977,"z":0.0004319582658354193,"w":0.9995503425598145},"size":43.67872619628906,"orthographic":true}